"Binaria","Ordinal","rpb","pvalue","Bin_0","Bin_1","Missing"
"Cirurgia na coluna","Há quanto tempo em São Paulo se de outro local",-0.61313001698415,0.0303805153392877,14,7,4
"Cirurgia na coluna","Quantidade de cirurgias na coluna",0.863549537927935,2.8321779413093e-19,75,55,16
"Aposentado","Trabalho_Cansativo",-0.505101728054782,7.78807622124467e-06,105,34,0
"Aposentado","IDADE",0.5859499925336,1.57544115502172e-08,155,33,14
"Aposentado_Invalidez","Quantidade de cirurgias na coluna",0.668878110576698,0.00231788788767767,113,4,29
"Aposentado_Invalidez","Intensidade da dor nas pernas",0.663110192804442,3.50594165338191e-05,177,8,17
"Analgésicos","Tempo com a dor nas costas",0.633733197683056,1.31884191205146e-09,44,96,2
"Analgésicos","Dor_costas_VAS",0.57145848409877,1.19163690149896e-09,57,118,6
"Analgésicos","Intensidade da dor no momento",0.525358816279808,2.84601396464967e-06,40,87,4
"OutraDoenca","Há quanto tempo em São Paulo se de outro local",0.731385749502556,0.00220984252422541,12,13,0
"Dor nas costas","Tempo com a dor nas costas",0.6942251806513,9.87601917593397e-11,37,100,5
"Dor nas costas","Intensidade da dor no momento",0.980412947800817,5.59890763225349e-23,36,91,4
"Dor nas pernas","Há quanto tempo em São Paulo se de outro local",0.708316064797026,0.00574330691663146,16,8,1
"Dor nas pernas","Quantidade de cirurgias na coluna",0.519767457414949,1.02870712673533e-05,93,32,21
"Dor nas pernas","Tempo com dor que irradia p/ as pernas",0.78301751266349,1.0155382984486e-15,78,57,6
"Retornar_trabalho","Quantidade de cirurgias na coluna",0.626308817664788,0.000145292755043058,118,9,19
"Retornar_trabalho","IDADE",0.514937437321455,2.33638256951684e-05,146,21,35
"Masc","Licenca_Tempo",-0.9999,0.000170946498870242,2,4,0
"Separado_Divorciado","IDADE",0.514432595877746,0.0012888711234168,191,8,3
"X4","SF12_M1_2_v1",-0.672123420402824,0.0030361587465436,191,3,38
"X5","Andar_velocidade",0.558513029116106,0.0449633159362273,131,2,2
"X6","IDADE",0.616876584153187,8.40946277914887e-06,187,12,3
"Livrar_costas","Intensidade da dor nas pernas",-0.602025887717273,2.09735193644299e-05,15,110,77
"Livrar_perna","Intensidade da dor nas pernas",0.667877532530171,3.09341328769103e-06,111,14,77
"D16","Intensidade da dor nas pernas",0.580728281115322,8.37147944387079e-06,107,20,75
"D16","BPI_5_v1",0.519744114925973,6.5585304874924e-05,112,20,104
"D2","SF12_M1_2_v1",-0.505586255097449,0.00337667558817274,121,8,103
"D23","SF12_M1_10_v1",-0.657321177614543,0.0184185979102027,127,2,103
"D23","SF12_M1_12_v1",-0.561381144427643,0.0447467623028051,127,2,103
"D26","SF12_M1_11_v1",-0.6701423786932,0.0162111934755255,127,2,103
"D27","SF12_M1_7_v1",-0.503335335566578,0.012638178384194,124,5,103
"D28","SF12_M1_12_v1",-0.521136969739541,0.00596295374883513,123,6,103
"D3","SF12_M1_2_v1",-0.676123183232399,0.0152626193437326,127,2,103
"D3","SF12_M1_5_v1",-0.570656938624839,0.041276945084468,127,2,103
"D3","SF12_M1_6_v1",-0.639437374560164,0.0219291054393077,127,2,103
"D3","SF12_M1_7_v1",-0.636917429318815,0.022467288715941,127,2,103
"Lombalgia","Há quanto tempo em São Paulo se de outro local",0.691234834595945,0.00531943618688581,13,11,1
"Lombalgia","Quantidade de cirurgias na coluna",0.514526835671869,0.00285262007560319,23,28,95
"Lombalgia","Tempo com a dor nas costas",0.566037439084307,6.32164707437405e-08,69,62,11
"Lombalgia","Intensidade da dor nas pernas",0.503584403716498,2.86993700888403e-06,66,61,75
"Lombalgia","Intensidade da dor no momento",0.517612138072164,9.6870651541665e-07,69,62,0
"Lombalgia","SF12_M1_4_v1",-0.511817007450052,1.58842704489856e-06,68,61,103
"D32","Há quanto tempo em São Paulo se de outro local",0.625213908456854,0.0307420632462393,19,5,1
"D32","Tempo com dor que irradia p/ as pernas",0.529702692107509,2.54678368545898e-06,94,37,10
"D32","Intensidade da dor nas pernas",0.554999399540578,1.07700960468857e-06,91,36,75
"D34","SF12_M1_8_v1",0.588738142760442,0.0144827788117202,126,3,103
"D34","SF12_M1_9_v1",-0.622537389170845,0.00962243691260709,126,3,103
"D37","Intensidade da dor nas pernas",0.513445905348642,6.26522543839888e-05,105,22,75
"D38","Dor_costas_VAS",-0.52344197566382,0.03031757033219,125,3,53
"D38","Intensidade da dor nas pernas",0.576632794239509,0.0169369380826301,124,3,75
"D38","Oswestry7_v1",0.570752856489673,0.017852821299098,126,3,103
"D39","BPI_5_v1",0.50310983343763,0.000374858220657359,117,15,104
"D4","Ord_RMDQ",0.756057381450423,0.0126820991967197,68,2,65
"D43","SF12_M1_11_v1",-0.712067399027882,0.00294045326357104,126,3,103
"D43","SF12_M1_12_v1",-0.528824915620603,0.028439659140383,126,3,103
"D44","Há quanto tempo em São Paulo se de outro local",0.625213908456854,0.0307420632462393,19,5,1
"D44","Intensidade da dor nas pernas",0.579077685676314,2.75982667118611e-07,90,37,75
"D45","Intensidade da dor nas pernas",0.649895563157046,1.47898489777607e-05,115,12,75
"D46","Há quanto tempo em São Paulo se de outro local",0.831263820418788,0.00154931888609423,18,6,1
"D46","Intensidade da dor nas pernas",0.603862542389058,7.1991232500853e-08,90,37,75
"D47","Intensidade da dor nas pernas",0.662521651044601,9.74076193985794e-06,115,12,75
"D48","Há quanto tempo em São Paulo se de outro local",0.831263820418788,0.00154931888609423,18,6,1
"D48","Intensidade da dor nas pernas",0.636106987734161,1.75542308110872e-07,102,25,75
"D5","SF12_M1_2_v1",-0.520395691704281,0.0311159900115056,126,3,103
"D5","SF12_M1_3_v1",-0.56266719753958,0.0195768064462625,126,3,103
"D5","SF12_M1_5_v1",-0.555133270433532,0.0213106117116188,126,3,103
"D5","SF12_M1_6_v1",-0.524312338632248,0.0298469810472571,126,3,103
"D51","Oswestry2_v1",0.870798355153024,0.0160269908862056,128,1,103
"D51","Oswestry4_v1",0.847364318840166,0.0191784911192436,128,1,103
"D51","SF12_M1_6_v1",-0.717637462665631,0.0480011450142527,128,1,103
"D51","SF12_M1_7_v1",-0.714340670089442,0.049052683299087,128,1,103
"D53","Trabalho_Cansativo",0.585249270949004,0.0356917553178435,130,2,7
"D53","BPI - Habilidade de caminhar",-0.610217484717755,0.0400297322878527,82,2,71
"D53","SF12_M1_12_v1",-0.561381144427643,0.0447467623028051,127,2,103
"D9","Oswestry2_v1",0.870798355153024,0.0160269908862056,128,1,103
"D9","Oswestry4_v1",0.847364318840166,0.0191784911192436,128,1,103
"D9","SF12_M1_6_v1",-0.717637462665631,0.0480011450142527,128,1,103
"D9","SF12_M1_7_v1",-0.714340670089442,0.049052683299087,128,1,103
"RMDQ1_v1","Oswestry1_v1",0.690304601116283,7.97357220177759e-19,134,85,12
"RMDQ1_v1","Oswestry2_v1",0.758397099805433,2.50312457666286e-23,134,85,12
"RMDQ1_v1","Oswestry3_v1",0.544792064216921,1.53774021904764e-11,134,85,12
"RMDQ1_v1","Oswestry4_v1",0.659135002796276,5.05034347835306e-17,134,85,12
"RMDQ1_v1","Oswestry5_v1",0.54314889549463,1.79642311058711e-11,134,85,12
"RMDQ1_v1","Oswestry6_v1",0.606572782494942,2.67220171354612e-14,134,85,12
"RMDQ1_v1","Oswestry7_v1",0.655255666369463,8.2673088095762e-17,134,85,12
"RMDQ1_v1","Oswestry8_v1",0.812281545722546,1.48907892146397e-27,134,85,12
"RMDQ1_v1","Oswestry9_v1",0.724059334064894,5.94052371473619e-21,134,85,12
"RMDQ1_v1","Oswestry10_v1",0.826183251588517,9.32795280355794e-29,134,85,12
"RMDQ1_v1","Somatoria_Owestry",0.729086008833318,2.75412405969612e-21,134,85,12
"RMDQ1_v1","SF12_M1_1_v1",0.572338473086826,1.02511678098329e-12,134,85,12
"RMDQ1_v1","SF12_M1_2_v1",-0.61686473962772,8.36619150521016e-15,134,85,12
"RMDQ1_v1","SF12_M1_3_v1",-0.671372228695651,1.03189448561843e-17,134,85,12
"RMDQ1_v1","SF12_M1_4_v1",-0.516206780068894,2.09494954411773e-10,134,85,12
"RMDQ1_v1","SF12_M1_5_v1",-0.585395972124519,2.64960144447183e-13,134,85,12
"RMDQ1_v1","SF12_M1_8_v1",0.847868212620281,9.72797629075166e-31,134,85,12
"RMDQ1_v1","SF12_M1_9_v1",-0.812900778604667,1.31943574525931e-27,134,85,12
"RMDQ1_v1","SF12_M1_10_v1",-0.719382067446206,1.20331135197e-20,134,85,12
"RMDQ1_v1","SF12_M1_11_v1",-0.841542117409103,3.80166040627719e-30,134,85,12
"RMDQ1_v1","SF12_M1_12_v1",-0.878697572828705,8.43659797260519e-34,134,85,12
"RMDQ2_v1","Oswestry1_v1",0.662959124895689,1.90805950733137e-17,129,90,12
"RMDQ2_v1","Oswestry2_v1",0.703353584373676,7.14927375766877e-20,129,90,12
"RMDQ2_v1","Oswestry3_v1",0.534737098123273,2.98294496185775e-11,129,90,12
"RMDQ2_v1","Oswestry4_v1",0.620446191695677,3.70156770564756e-15,129,90,12
"RMDQ2_v1","Oswestry5_v1",0.512541473280093,2.24497388246781e-10,129,90,12
"RMDQ2_v1","Oswestry6_v1",0.590404904610551,1.09155594292794e-13,129,90,12
"RMDQ2_v1","Oswestry7_v1",0.634931288073495,6.56790256036724e-16,129,90,12
"RMDQ2_v1","Oswestry8_v1",0.752247759933899,3.44910591689194e-23,129,90,12
"RMDQ2_v1","Oswestry9_v1",0.68472916002818,1.01298841149258e-18,129,90,12
"RMDQ2_v1","Oswestry10_v1",0.796706912573812,1.25415753574674e-26,129,90,12
"RMDQ2_v1","Somatoria_Owestry",0.694149718276661,2.6943539079914e-19,129,90,12
"RMDQ2_v1","SF12_M1_1_v1",0.524660670269856,7.56756832490487e-11,129,90,12
"RMDQ2_v1","SF12_M1_2_v1",-0.636152483742951,5.65981378932584e-16,129,90,12
"RMDQ2_v1","SF12_M1_3_v1",-0.677337028316638,2.79804549985127e-18,129,90,12
"RMDQ2_v1","SF12_M1_4_v1",-0.523184790093161,8.65524416385177e-11,129,90,12
"RMDQ2_v1","SF12_M1_5_v1",-0.606928290726096,1.75381200452608e-14,129,90,12
"RMDQ2_v1","SF12_M1_8_v1",0.815349721769472,3.29104948897878e-28,129,90,12
"RMDQ2_v1","SF12_M1_9_v1",-0.780564158026359,2.50349294195502e-25,129,90,12
"RMDQ2_v1","SF12_M1_10_v1",-0.750103358052528,4.92945659682922e-23,129,90,12
"RMDQ2_v1","SF12_M1_11_v1",-0.872613462825373,1.12064211572341e-33,129,90,12
"RMDQ2_v1","SF12_M1_12_v1",-0.90335222356823,4.5933049596431e-37,129,90,12
"RMDQ3_v1","Intensidade da dor no momento",0.530585341513511,6.18005333286511e-06,81,36,14
"RMDQ3_v1","Oswestry1_v1",0.67909453653837,2.84914963178918e-17,141,79,12
"RMDQ3_v1","Oswestry2_v1",0.734647154618432,1.50749341189572e-20,141,79,12
"RMDQ3_v1","Oswestry3_v1",0.569610117359425,4.92897356818974e-12,141,79,12
"RMDQ3_v1","Oswestry4_v1",0.706340066736418,8.07302022131859e-19,141,79,12
"RMDQ3_v1","Oswestry5_v1",0.521513824013062,3.72502742427141e-10,141,79,12
"RMDQ3_v1","Oswestry7_v1",0.57428033378377,3.14618992996803e-12,141,79,12
"RMDQ3_v1","Oswestry8_v1",0.597046842910986,3.26226693695628e-13,141,79,12
"RMDQ3_v1","Oswestry9_v1",0.623703627606456,1.93413721663018e-14,141,79,12
"RMDQ3_v1","Oswestry10_v1",0.613273026820831,5.97742359711954e-14,141,79,12
"RMDQ3_v1","Somatoria_Owestry",0.657478200500001,4.05197320792744e-16,141,79,12
"RMDQ3_v1","Ord_RMDQ",0.706910858725004,1.77812981083496e-12,56,79,0
"RMDQ3_v1","SF12_M1_1_v1",0.583072887221042,1.33161684352031e-12,141,79,12
"RMDQ3_v1","SF12_M1_2_v1",-0.58303586887602,1.33649987858984e-12,141,79,12
"RMDQ3_v1","SF12_M1_3_v1",-0.669250817554741,9.72022040585641e-17,141,79,12
"RMDQ3_v1","SF12_M1_4_v1",-0.54595509166334,4.4204786435283e-11,141,79,12
"RMDQ3_v1","SF12_M1_5_v1",-0.635870126357684,4.99204561975486e-15,141,79,12
"RMDQ3_v1","SF12_M1_6_v1",-0.675658866693431,4.38795921675291e-17,141,79,12
"RMDQ3_v1","SF12_M1_7_v1",-0.705232995153223,9.37729238631569e-19,141,79,12
"RMDQ3_v1","SF12_M1_8_v1",0.532745979319068,1.42214865618739e-10,141,79,12
"RMDQ3_v1","SF12_M1_11_v1",-0.512422421636857,7.95882168919374e-10,141,79,12
"RMDQ5_v1","Oswestry1_v1",0.733088656260533,7.23040502344133e-20,148,72,12
"RMDQ5_v1","Oswestry2_v1",0.779200801503991,7.5664125059858e-23,148,72,12
"RMDQ5_v1","Oswestry3_v1",0.617756985049115,8.56788247517345e-14,148,72,12
"RMDQ5_v1","Oswestry4_v1",0.755153075598055,3.00850351564166e-21,148,72,12
"RMDQ5_v1","Oswestry5_v1",0.570859326795178,8.72699144569797e-12,148,72,12
"RMDQ5_v1","Oswestry6_v1",0.522587095924444,5.9512378632824e-10,148,72,12
"RMDQ5_v1","Oswestry7_v1",0.614802599266644,1.16532419153311e-13,148,72,12
"RMDQ5_v1","Oswestry8_v1",0.634331129343429,1.46194950018042e-14,148,72,12
"RMDQ5_v1","Oswestry9_v1",0.662870061846875,5.82746048665066e-16,148,72,12
"RMDQ5_v1","Oswestry10_v1",0.660938855476859,7.30093144584731e-16,148,72,12
"RMDQ5_v1","Somatoria_Owestry",0.704747712564001,3.31561060474005e-18,148,72,12
"RMDQ5_v1","Ord_RMDQ",0.796436629354318,1.39472943711894e-16,63,72,0
"RMDQ5_v1","SF12_M1_1_v1",0.663642391466049,5.32346027589801e-16,148,72,12
"RMDQ5_v1","SF12_M1_2_v1",-0.621497026946503,5.78571050976925e-14,148,72,12
"RMDQ5_v1","SF12_M1_3_v1",-0.705858597273056,2.86877030193266e-18,148,72,12
"RMDQ5_v1","SF12_M1_4_v1",-0.607669047371285,2.42619848147723e-13,148,72,12
"RMDQ5_v1","SF12_M1_5_v1",-0.685035797809716,4.0455986675014e-17,148,72,12
"RMDQ5_v1","SF12_M1_6_v1",-0.758438837180217,1.84412875083187e-21,148,72,12
"RMDQ5_v1","SF12_M1_7_v1",-0.787641759852112,1.9614452597484e-23,148,72,12
"RMDQ5_v1","SF12_M1_8_v1",0.530833923222407,2.99921798554117e-10,148,72,12
"RMDQ5_v1","SF12_M1_11_v1",-0.522828092262116,5.8344390154702e-10,148,72,12
"RMDQ5_v1","SF12_M1_12_v1",-0.500322769367006,3.52665448070485e-09,148,72,12
"RMDQ6_v1","BPI - Sono",0.534000606514038,2.87067443283599e-07,104,45,6
"RMDQ6_v1","Oswestry1_v1",0.891104093874286,1.75978576792929e-28,164,56,12
"RMDQ6_v1","Oswestry2_v1",0.92602403949452,1.89318629234147e-31,164,56,12
"RMDQ6_v1","Oswestry3_v1",0.808545347596081,1.68431336167067e-22,164,56,12
"RMDQ6_v1","Oswestry4_v1",0.911847193789207,3.29772987887722e-30,164,56,12
"RMDQ6_v1","Oswestry5_v1",0.790337448806904,2.40023155507843e-21,164,56,12
"RMDQ6_v1","Oswestry6_v1",0.632606760469011,2.97550913375613e-13,164,56,12
"RMDQ6_v1","Oswestry7_v1",0.818927894439838,3.49944875306468e-23,164,56,12
"RMDQ6_v1","Oswestry8_v1",0.66908610493043,7.35725973323647e-15,164,56,12
"RMDQ6_v1","Oswestry9_v1",0.85326160451992,1.41616126291711e-25,164,56,12
"RMDQ6_v1","Oswestry10_v1",0.70914650016623,8.55184518132985e-17,164,56,12
"RMDQ6_v1","Somatoria_Owestry",0.859828225760438,4.65712232499778e-26,164,56,12
"RMDQ6_v1","Ord_RMDQ",0.919638581764577,1.60226877874484e-23,79,56,0
"RMDQ6_v1","SF12_M1_1_v1",0.700481155671788,2.32557576547706e-16,164,56,12
"RMDQ6_v1","SF12_M1_2_v1",-0.712882669479945,5.5195090477104e-17,164,56,12
"RMDQ6_v1","SF12_M1_3_v1",-0.773855794314668,2.39783308944863e-20,164,56,12
"RMDQ6_v1","SF12_M1_4_v1",-0.667825604425266,8.40649270925819e-15,164,56,12
"RMDQ6_v1","SF12_M1_5_v1",-0.760776468468771,1.39383824051299e-19,164,56,12
"RMDQ6_v1","SF12_M1_6_v1",-0.819191187394647,3.36089634932479e-23,164,56,12
"RMDQ6_v1","SF12_M1_7_v1",-0.860397125646607,4.2254262880437e-26,164,56,12
"RMDQ6_v1","SF12_M1_8_v1",0.704809702951803,1.41462366671167e-16,164,56,12
"RMDQ6_v1","SF12_M1_9_v1",-0.635162246446037,2.32014299854889e-13,164,56,12
"RMDQ6_v1","SF12_M1_10_v1",-0.519702277894751,4.36530412841095e-09,164,56,12
"RMDQ6_v1","SF12_M1_11_v1",-0.708578200863735,9.13763627495404e-17,164,56,12
"RMDQ6_v1","SF12_M1_12_v1",-0.673682491804734,4.50919272276902e-15,164,56,12
"RMDQ7_v1","SF12_M1_1_v1",0.688477913126108,2.10192666056246e-13,181,39,12
"RMDQ7_v1","SF12_M1_2_v1",-0.868153163972597,4.31305870872882e-22,181,39,12
"RMDQ7_v1","SF12_M1_3_v1",-0.925447149976413,1.03257430110387e-25,181,39,12
"RMDQ7_v1","SF12_M1_4_v1",-0.766539368617039,9.43476307022186e-17,181,39,12
"RMDQ7_v1","SF12_M1_5_v1",-0.831904703214706,4.83004358096619e-20,181,39,12
"RMDQ7_v1","SF12_M1_6_v1",-0.91128272382386,9.04501241486837e-25,181,39,12
"RMDQ7_v1","SF12_M1_7_v1",-0.97282688894553,4.04230436761713e-29,181,39,12
"RMDQ7_v1","SF12_M1_8_v1",0.854760613341603,2.58302025930138e-21,181,39,12
"RMDQ7_v1","SF12_M1_9_v1",-0.854235608370018,2.76762048534511e-21,181,39,12
"RMDQ7_v1","SF12_M1_10_v1",-0.741124701223,1.34610365909097e-15,181,39,12
"RMDQ7_v1","SF12_M1_11_v1",-0.895111030194792,9.84773173119685e-24,181,39,12
"RMDQ7_v1","SF12_M1_12_v1",-0.902447366363781,3.3726279958436e-24,181,39,12
"RMDQ8_v1","Oswestry2_v1",0.738704559740867,1.92089942550848e-06,212,8,12
"RMDQ8_v1","Oswestry7_v1",0.572137561494767,0.00026328159480897,212,8,12
"RMDQ8_v1","Ord_RMDQ",0.766875404874073,4.50075570337199e-06,127,8,0
"RMDQ8_v1","SF12_M1_2_v1",-0.747908836275878,1.40586835758396e-06,212,8,12
"RMDQ8_v1","SF12_M1_3_v1",-0.789416355519988,3.25363883595589e-07,212,8,12
"RMDQ8_v1","SF12_M1_4_v1",-0.642942291041587,3.82912177755884e-05,212,8,12
"RMDQ8_v1","SF12_M1_5_v1",-0.739701999446514,1.85740781076997e-06,212,8,12
"RMDQ8_v1","SF12_M1_6_v1",-0.715219204607113,4.17590567088091e-06,212,8,12
"RMDQ8_v1","SF12_M1_7_v1",-0.836957867653069,5.42060089250541e-08,212,8,12
"RMDQ8_v1","SF12_M1_8_v1",0.577147651471942,0.000231458800982503,212,8,12
"RMDQ8_v1","SF12_M1_11_v1",-0.506632994197967,0.0012801844115081,212,8,12
"RMDQ9_v1","SF12_M1_1_v1",0.769439451941743,1.01325297688822e-15,186,34,12
"RMDQ9_v1","SF12_M1_2_v1",-0.956155472910961,1.20950340118048e-25,186,34,12
"RMDQ9_v1","SF12_M1_3_v1",-0.9999,1.21832764282317e-29,186,34,12
"RMDQ9_v1","SF12_M1_4_v1",-0.853271473832367,1.14082493402988e-19,186,34,12
"RMDQ9_v1","SF12_M1_5_v1",-0.915533036425332,4.0904137801142e-23,186,34,12
"RMDQ9_v1","SF12_M1_6_v1",-0.9999,8.13663775860743e-30,186,34,12
"RMDQ9_v1","SF12_M1_7_v1",-0.9999,2.81776909393545e-35,186,34,12
"RMDQ9_v1","SF12_M1_8_v1",0.950737892097662,2.71693872032216e-25,186,34,12
"RMDQ9_v1","SF12_M1_9_v1",-0.95063037497337,2.76063707483574e-25,186,34,12
"RMDQ9_v1","SF12_M1_10_v1",-0.831253369268647,1.46310286020875e-18,186,34,12
"RMDQ9_v1","SF12_M1_11_v1",-0.995266885825961,2.53367142300592e-28,186,34,12
"RMDQ9_v1","SF12_M1_12_v1",-0.998001694019161,1.60922334785934e-28,186,34,12
"RMDQ10_v1","SF12_M1_1_v1",0.629379305827238,2.32784601289083e-11,180,40,12
"RMDQ10_v1","SF12_M1_2_v1",-0.858032102528783,8.39782175055389e-22,180,40,12
"RMDQ10_v1","SF12_M1_3_v1",-0.865289556610239,3.12584576297586e-22,180,40,12
"RMDQ10_v1","SF12_M1_4_v1",-0.756385789916822,1.7138349848702e-16,180,40,12
"RMDQ10_v1","SF12_M1_5_v1",-0.822722354290458,8.14780329758295e-20,180,40,12
"RMDQ10_v1","SF12_M1_6_v1",-0.941208687740266,3.32747147456022e-27,180,40,12
"RMDQ10_v1","SF12_M1_7_v1",-0.9999,6.69760624752895e-32,180,40,12
"RMDQ10_v1","SF12_M1_8_v1",0.805212232642188,6.8796460985382e-19,180,40,12
"RMDQ10_v1","SF12_M1_9_v1",-0.804516424204569,7.47514291706952e-19,180,40,12
"RMDQ10_v1","SF12_M1_10_v1",-0.790728217510259,3.77014722979394e-18,180,40,12
"RMDQ10_v1","SF12_M1_11_v1",-0.942491429001858,2.69007520809588e-27,180,40,12
"RMDQ10_v1","SF12_M1_12_v1",-0.919563013811079,1.08670270511786e-25,180,40,12
"RMDQ11_v1","Oswestry7_v1",0.966569219769005,5.94146699428144e-30,178,42,12
"RMDQ11_v1","Oswestry8_v1",0.963931508777273,9.6385856896162e-30,178,42,12
"RMDQ11_v1","Oswestry10_v1",0.962830285165396,1.17841169815084e-29,178,42,12
"RMDQ11_v1","SF12_M1_1_v1",0.721483365455398,2.71234364326146e-15,178,42,12
"RMDQ11_v1","SF12_M1_2_v1",-0.911167421994213,7.85081434865568e-26,178,42,12
"RMDQ11_v1","SF12_M1_3_v1",-0.921705363235585,1.4317550227267e-26,178,42,12
"RMDQ11_v1","SF12_M1_4_v1",-0.772289362063799,1.12525845899218e-17,178,42,12
"RMDQ11_v1","SF12_M1_5_v1",-0.880302613694438,8.92113272034737e-24,178,42,12
"RMDQ11_v1","SF12_M1_6_v1",-0.999169433199054,1.11700214629033e-32,178,42,12
"RMDQ11_v1","SF12_M1_7_v1",-0.9999,3.28807381394781e-38,178,42,12
"RMDQ11_v1","SF12_M1_8_v1",0.887636216390294,2.9935459169727e-24,178,42,12
"RMDQ11_v1","SF12_M1_9_v1",-0.822805247719272,2.45840507929683e-20,178,42,12
"RMDQ11_v1","SF12_M1_10_v1",-0.807123256962874,1.77935942346774e-19,178,42,12
"RMDQ11_v1","SF12_M1_11_v1",-0.955449157714319,4.46420148184922e-29,178,42,12
"RMDQ11_v1","SF12_M1_12_v1",-0.936791498189925,1.15496669182085e-27,178,42,12
"RMDQ12_v1","Oswestry6_v1",0.971593761909355,3.27124284895099e-31,176,44,12
"RMDQ12_v1","Oswestry8_v1",0.943462283296842,6.25084965484384e-29,176,44,12
"RMDQ12_v1","Oswestry10_v1",0.942716227000955,7.14665093848479e-29,176,44,12
"RMDQ12_v1","SF12_M1_1_v1",0.6955747534999,1.71112899866842e-14,176,44,12
"RMDQ12_v1","SF12_M1_2_v1",-0.799569664263379,1.57087880774737e-19,176,44,12
"RMDQ12_v1","SF12_M1_3_v1",-0.857479854900764,6.46297533950103e-23,176,44,12
"RMDQ12_v1","SF12_M1_4_v1",-0.743219811817802,1.18788572018549e-16,176,44,12
"RMDQ12_v1","SF12_M1_5_v1",-0.766779085733272,8.25899879365455e-18,176,44,12
"RMDQ12_v1","SF12_M1_6_v1",-0.852965876038179,1.23503918559634e-22,176,44,12
"RMDQ12_v1","SF12_M1_7_v1",-0.910833728329417,1.72008270301978e-26,176,44,12
"RMDQ12_v1","SF12_M1_8_v1",0.779307187483902,1.88359460323761e-18,176,44,12
"RMDQ12_v1","SF12_M1_9_v1",-0.778423795729971,2.09347885281783e-18,176,44,12
"RMDQ12_v1","SF12_M1_10_v1",-0.700557724078713,1.04323149805823e-14,176,44,12
"RMDQ12_v1","SF12_M1_11_v1",-0.907782370230018,2.83965705275866e-26,176,44,12
"RMDQ12_v1","SF12_M1_12_v1",-0.859283671364425,4.97933570661731e-23,176,44,12
"RMDQ13_v1","Oswestry1_v1",0.949739445440656,3.45944357240818e-30,174,46,12
"RMDQ13_v1","Oswestry3_v1",0.934342281665322,6.01326231219498e-29,174,46,12
"RMDQ13_v1","Oswestry5_v1",0.946535133977042,6.33008706057098e-30,174,46,12
"RMDQ13_v1","Oswestry6_v1",0.880669096538223,5.30764502285482e-25,174,46,12
"RMDQ13_v1","Oswestry7_v1",0.945234318389294,8.07748447293873e-30,174,46,12
"RMDQ13_v1","Oswestry8_v1",0.897123887107148,3.74501280025541e-26,174,46,12
"RMDQ13_v1","Oswestry9_v1",0.964830483452116,1.86776058605426e-31,174,46,12
"RMDQ13_v1","Oswestry10_v1",0.84168003951125,1.85895100370037e-22,174,46,12
"RMDQ13_v1","Ord_RMDQ",0.975499323844068,4.03735251474815e-26,89,46,0
"RMDQ13_v1","SF12_M1_1_v1",0.630285545621802,3.98492560335132e-12,174,46,12
"RMDQ13_v1","SF12_M1_2_v1",-0.740007683059118,7.478716722676e-17,174,46,12
"RMDQ13_v1","SF12_M1_3_v1",-0.797554482716652,7.40042217861361e-20,174,46,12
"RMDQ13_v1","SF12_M1_4_v1",-0.705527527555597,3.08931604046466e-15,174,46,12
"RMDQ13_v1","SF12_M1_5_v1",-0.707053288644174,2.63660251164382e-15,174,46,12
"RMDQ13_v1","SF12_M1_6_v1",-0.796409620816925,8.57241615510989e-20,174,46,12
"RMDQ13_v1","SF12_M1_7_v1",-0.853402182480299,3.38968439491062e-23,174,46,12
"RMDQ13_v1","SF12_M1_8_v1",0.723083820595103,4.82116714908766e-16,174,46,12
"RMDQ13_v1","SF12_M1_9_v1",-0.721981845347241,5.42946389684441e-16,174,46,12
"RMDQ13_v1","SF12_M1_10_v1",-0.615347384624612,1.43353360577118e-11,174,46,12
"RMDQ13_v1","SF12_M1_11_v1",-0.759750521383237,7.73571547432439e-18,174,46,12
"RMDQ13_v1","SF12_M1_12_v1",-0.771401708916187,1.92874899926186e-18,174,46,12
"RMDQ14_v1","Oswestry1_v1",0.968810576176896,5.54983929949053e-33,171,49,12
"RMDQ14_v1","Oswestry3_v1",0.927866315606647,1.88193275631543e-29,171,49,12
"RMDQ14_v1","Oswestry5_v1",0.919012353324671,9.68506164498025e-29,171,49,12
"RMDQ14_v1","Oswestry6_v1",0.960853362789565,2.90507794829821e-32,171,49,12
"RMDQ14_v1","Oswestry7_v1",0.90535683049872,1.12281124703264e-27,171,49,12
"RMDQ14_v1","Oswestry8_v1",0.941175793077029,1.48484422654327e-30,171,49,12
"RMDQ14_v1","Oswestry9_v1",0.925163420109655,3.1163588447979e-29,171,49,12
"RMDQ14_v1","Oswestry10_v1",0.92751060476892,2.01152066232137e-29,171,49,12
"RMDQ14_v1","Ord_RMDQ",0.983323499811517,1.99940891938442e-27,86,49,0
"RMDQ14_v1","SF12_M1_1_v1",0.666086284610871,6.3830446008204e-14,171,49,12
"RMDQ14_v1","SF12_M1_2_v1",-0.83203925183665,1.42499229400211e-22,171,49,12
"RMDQ14_v1","SF12_M1_3_v1",-0.848033632895978,1.32104314812851e-23,171,49,12
"RMDQ14_v1","SF12_M1_4_v1",-0.759122124944356,2.39419439785683e-18,171,49,12
"RMDQ14_v1","SF12_M1_5_v1",-0.805323754071096,6.16365910649261e-21,171,49,12
"RMDQ14_v1","SF12_M1_6_v1",-0.84088460381085,3.87018739724854e-23,171,49,12
"RMDQ14_v1","SF12_M1_7_v1",-0.89559174141221,6.13315881423711e-27,171,49,12
"RMDQ14_v1","SF12_M1_8_v1",0.835441113406231,8.66135908306952e-23,171,49,12
"RMDQ14_v1","SF12_M1_9_v1",-0.834576807685892,9.83324650886018e-23,171,49,12
"RMDQ14_v1","SF12_M1_10_v1",-0.813782557571768,1.92071959834884e-21,171,49,12
"RMDQ14_v1","SF12_M1_11_v1",-0.953051187057713,1.41941771237511e-31,171,49,12
"RMDQ14_v1","SF12_M1_12_v1",-0.945629351047582,6.21352519366173e-31,171,49,12
"RMDQ15_v1","SF12_M1_1_v1",0.811681691594525,9.59578811661135e-17,189,31,12
"RMDQ15_v1","SF12_M1_2_v1",-0.858943219421565,6.16118183316949e-19,189,31,12
"RMDQ15_v1","SF12_M1_3_v1",-0.91296945471196,9.86240411708296e-22,189,31,12
"RMDQ15_v1","SF12_M1_4_v1",-0.746176304293584,4.79301461176198e-14,189,31,12
"RMDQ15_v1","SF12_M1_5_v1",-0.824084794465666,2.67840723315458e-17,189,31,12
"RMDQ15_v1","SF12_M1_6_v1",-0.923326265193664,2.624741758213e-22,189,31,12
"RMDQ15_v1","SF12_M1_7_v1",-0.935598151756935,5.25344305664948e-23,189,31,12
"RMDQ15_v1","SF12_M1_8_v1",0.865917613295466,2.79863821243628e-19,189,31,12
"RMDQ15_v1","SF12_M1_9_v1",-0.846076605256507,2.56210757082585e-18,189,31,12
"RMDQ15_v1","SF12_M1_10_v1",-0.782515839255367,1.69633467501067e-15,189,31,12
"RMDQ15_v1","SF12_M1_11_v1",-0.917122029912489,5.82192581690056e-22,189,31,12
"RMDQ15_v1","SF12_M1_12_v1",-0.9505673484552,6.94472571744925e-24,189,31,12
"RMDQ16_v1","SF12_M1_1_v1",0.686817301365337,5.30376669350726e-13,183,37,12
"RMDQ16_v1","SF12_M1_2_v1",-0.838464311006359,7.98586541041748e-20,183,37,12
"RMDQ16_v1","SF12_M1_3_v1",-0.894421650472169,5.46261491833567e-23,183,37,12
"RMDQ16_v1","SF12_M1_4_v1",-0.738580956031008,4.43641214852492e-15,183,37,12
"RMDQ16_v1","SF12_M1_5_v1",-0.79827193311902,8.69112496798544e-18,183,37,12
"RMDQ16_v1","SF12_M1_6_v1",-0.902201130491738,1.83583529224528e-23,183,37,12
"RMDQ16_v1","SF12_M1_7_v1",-0.96586664991936,1.08557825546472e-27,183,37,12
"RMDQ16_v1","SF12_M1_8_v1",0.838158201552349,8.28975541796321e-20,183,37,12
"RMDQ16_v1","SF12_M1_9_v1",-0.837641839268502,8.82828895347636e-20,183,37,12
"RMDQ16_v1","SF12_M1_10_v1",-0.723166006163418,1.9520541238748e-14,183,37,12
"RMDQ16_v1","SF12_M1_11_v1",-0.881236565230232,3.31514078598757e-22,183,37,12
"RMDQ16_v1","SF12_M1_12_v1",-0.884937565911954,2.00966533856588e-22,183,37,12
"RMDQ17_v1","Oswestry1_v1",0.851865813582843,7.36523285804619e-24,171,49,12
"RMDQ17_v1","Oswestry2_v1",0.925829639046679,2.75301452976243e-29,171,49,12
"RMDQ17_v1","Oswestry3_v1",0.927866315606647,1.88193275631543e-29,171,49,12
"RMDQ17_v1","Oswestry4_v1",0.957507264010494,5.76136384748418e-32,171,49,12
"RMDQ17_v1","Oswestry5_v1",0.903281962152849,1.61658664376241e-27,171,49,12
"RMDQ17_v1","Oswestry6_v1",0.916571314088978,1.51093343304439e-28,171,49,12
"RMDQ17_v1","Oswestry7_v1",0.873726132911025,2.35129916924262e-25,171,49,12
"RMDQ17_v1","Oswestry8_v1",0.860403928642878,1.96288938091735e-24,171,49,12
"RMDQ17_v1","Oswestry9_v1",0.898442145011306,3.75343605251423e-27,171,49,12
"RMDQ17_v1","Oswestry10_v1",0.847531900934652,1.42545922782011e-23,171,49,12
"RMDQ17_v1","Somatoria_Owestry",0.959729218267817,3.65916118796126e-32,171,49,12
"RMDQ17_v1","Ord_RMDQ",0.946206923478414,1.68296600631697e-24,86,49,0
"RMDQ17_v1","SF12_M1_1_v1",0.532808446853352,4.77691632809065e-09,171,49,12
"RMDQ17_v1","SF12_M1_2_v1",-0.613812457125082,7.94902670786864e-12,171,49,12
"RMDQ17_v1","SF12_M1_3_v1",-0.692356937859644,4.48271198842937e-15,171,49,12
"RMDQ17_v1","SF12_M1_4_v1",-0.516686000719511,1.48220752048059e-08,171,49,12
"RMDQ17_v1","SF12_M1_5_v1",-0.646852174558,4.03505080828223e-13,171,49,12
"RMDQ17_v1","SF12_M1_6_v1",-0.684733356992002,9.85353553298705e-15,171,49,12
"RMDQ17_v1","SF12_M1_7_v1",-0.685667809426395,8.95349045083156e-15,171,49,12
"RMDQ17_v1","SF12_M1_8_v1",0.659838841161609,1.17244058298974e-13,171,49,12
"RMDQ17_v1","SF12_M1_9_v1",-0.599766611614088,2.63652325847449e-11,171,49,12
"RMDQ17_v1","SF12_M1_10_v1",-0.525300181378102,8.13869908928503e-09,171,49,12
"RMDQ17_v1","SF12_M1_11_v1",-0.709945782638408,6.89775010084375e-16,171,49,12
"RMDQ17_v1","SF12_M1_12_v1",-0.663854993521285,7.93926888511289e-14,171,49,12
"RMDQ18_v1","SF12_M1_1_v1",0.734573122435366,1.05381250949011e-14,184,36,12
"RMDQ18_v1","SF12_M1_2_v1",-0.981389484168118,2.43818607053441e-28,184,36,12
"RMDQ18_v1","SF12_M1_3_v1",-0.9999,9.99111095574961e-31,184,36,12
"RMDQ18_v1","SF12_M1_4_v1",-0.88972593327405,2.3594297746815e-22,184,36,12
"RMDQ18_v1","SF12_M1_5_v1",-0.97235661038923,1.09203593543928e-27,184,36,12
"RMDQ18_v1","SF12_M1_6_v1",-0.9999,6.82758760117139e-36,184,36,12
"RMDQ18_v1","SF12_M1_7_v1",-0.9999,6.70471591093135e-41,184,36,12
"RMDQ18_v1","SF12_M1_8_v1",0.909365962744172,1.5795142732732e-23,184,36,12
"RMDQ18_v1","SF12_M1_9_v1",-0.909082774282365,1.64377511989173e-23,184,36,12
"RMDQ18_v1","SF12_M1_10_v1",-0.896986514733023,8.80966466328022e-23,184,36,12
"RMDQ18_v1","SF12_M1_11_v1",-0.9999,8.01543489132975e-33,184,36,12
"RMDQ18_v1","SF12_M1_12_v1",-0.9999,1.52789225104541e-30,184,36,12
"RMDQ19_v1","SF12_M1_1_v1",0.8257004280627,1.10306242964983e-17,188,32,12
"RMDQ19_v1","SF12_M1_2_v1",-0.987313406508891,1.03952929037169e-26,188,32,12
"RMDQ19_v1","SF12_M1_3_v1",-0.9999,8.70616258446736e-31,188,32,12
"RMDQ19_v1","SF12_M1_4_v1",-0.897730529908615,2.62842265200902e-21,188,32,12
"RMDQ19_v1","SF12_M1_5_v1",-0.958945582811751,7.08236025854646e-25,188,32,12
"RMDQ19_v1","SF12_M1_6_v1",-0.9999,1.2065914212727e-30,188,32,12
"RMDQ19_v1","SF12_M1_7_v1",-0.9999,4.23503684730015e-35,188,32,12
"RMDQ19_v1","SF12_M1_8_v1",0.901384968476232,1.66023118017908e-21,188,32,12
"RMDQ19_v1","SF12_M1_9_v1",-0.939511237520397,1.09099663971451e-23,188,32,12
"RMDQ19_v1","SF12_M1_10_v1",-0.817955175711551,2.50936480919609e-17,188,32,12
"RMDQ19_v1","SF12_M1_11_v1",-0.950107299767058,2.49407037947435e-24,188,32,12
"RMDQ19_v1","SF12_M1_12_v1",-0.98601844731299,1.26835154478463e-26,188,32,12
"RMDQ20_v1","SF12_M1_1_v1",0.687552828513133,3.35750594320872e-13,182,38,12
"RMDQ20_v1","SF12_M1_2_v1",-0.853422868957484,6.15681095171598e-21,182,38,12
"RMDQ20_v1","SF12_M1_3_v1",-0.910050791638073,2.53424748170608e-24,182,38,12
"RMDQ20_v1","SF12_M1_4_v1",-0.752675705968705,6.66483699572497e-16,182,38,12
"RMDQ20_v1","SF12_M1_5_v1",-0.815241573079497,6.80976678460847e-19,182,38,12
"RMDQ20_v1","SF12_M1_6_v1",-0.919684702317146,6.03981327834671e-25,182,38,12
"RMDQ20_v1","SF12_M1_7_v1",-0.982139340986354,2.29937681233093e-29,182,38,12
"RMDQ20_v1","SF12_M1_8_v1",0.837930377449814,4.36733520013162e-20,182,38,12
"RMDQ20_v1","SF12_M1_9_v1",-0.837385141833353,4.67318839898066e-20,182,38,12
"RMDQ20_v1","SF12_M1_10_v1",-0.757417294036761,4.0874710876773e-16,182,38,12
"RMDQ20_v1","SF12_M1_11_v1",-0.979891377386895,3.41310843029523e-29,182,38,12
"RMDQ20_v1","SF12_M1_12_v1",-0.919645650869836,6.07543914539583e-25,182,38,12
"RMDQ21_v1","Oswestry2_v1",0.980261985297575,1.21948658272542e-33,172,48,12
"RMDQ21_v1","Oswestry3_v1",0.905212866496084,2.31846382642662e-27,172,48,12
"RMDQ21_v1","Oswestry4_v1",0.989618561402318,1.60137724866077e-34,172,48,12
"RMDQ21_v1","Oswestry5_v1",0.885296001127369,6.70866811653027e-26,172,48,12
"RMDQ21_v1","Oswestry6_v1",0.974380060196968,4.24681065299416e-33,172,48,12
"RMDQ21_v1","Oswestry7_v1",0.92877637549598,3.4108737196557e-29,172,48,12
"RMDQ21_v1","Oswestry8_v1",0.962951949265032,4.51513344659276e-32,172,48,12
"RMDQ21_v1","Oswestry9_v1",0.946853881872451,1.10877464102716e-30,172,48,12
"RMDQ21_v1","Oswestry10_v1",0.962324655500893,5.12914727521215e-32,172,48,12
"RMDQ21_v1","SF12_M1_1_v1",0.730707736348212,9.86671294692094e-17,172,48,12
"RMDQ21_v1","SF12_M1_2_v1",-0.860800197426138,3.33635681713413e-24,172,48,12
"RMDQ21_v1","SF12_M1_3_v1",-0.876424546619202,2.84112428738454e-25,172,48,12
"RMDQ21_v1","SF12_M1_4_v1",-0.755734772556801,5.40176847382719e-18,172,48,12
"RMDQ21_v1","SF12_M1_5_v1",-0.834264567796054,1.76130509208565e-22,172,48,12
"RMDQ21_v1","SF12_M1_6_v1",-0.924035955696382,8.14600497924193e-29,172,48,12
"RMDQ21_v1","SF12_M1_7_v1",-0.97855207093199,1.75660941173077e-33,172,48,12
"RMDQ21_v1","SF12_M1_8_v1",0.788834703848336,8.80281695080283e-20,172,48,12
"RMDQ21_v1","SF12_M1_9_v1",-0.787864911608006,9.97804016992931e-20,172,48,12
"RMDQ21_v1","SF12_M1_10_v1",-0.768523853211338,1.14396288076414e-18,172,48,12
"RMDQ21_v1","SF12_M1_11_v1",-0.909261765022904,1.14436648607889e-27,172,48,12
"RMDQ21_v1","SF12_M1_12_v1",-0.898754266743232,7.03954193109592e-27,172,48,12
"RMDQ22_v1","SF12_M1_1_v1",0.734190533222143,4.27208903478243e-15,182,38,12
"RMDQ22_v1","SF12_M1_2_v1",-0.87887745561294,2.1053097311297e-22,182,38,12
"RMDQ22_v1","SF12_M1_3_v1",-0.961932412306738,7.38606730130919e-28,182,38,12
"RMDQ22_v1","SF12_M1_4_v1",-0.826445525680517,1.78548732971564e-19,182,38,12
"RMDQ22_v1","SF12_M1_5_v1",-0.907664425151231,3.59663436132357e-24,182,38,12
"RMDQ22_v1","SF12_M1_6_v1",-0.971724474567602,1.40609364308645e-28,182,38,12
"RMDQ22_v1","SF12_M1_7_v1",-0.9999,6.03310546734479e-36,182,38,12
"RMDQ22_v1","SF12_M1_8_v1",0.820861425316577,3.49433553619029e-19,182,38,12
"RMDQ22_v1","SF12_M1_9_v1",-0.871621293329978,5.62528170834296e-22,182,38,12
"RMDQ22_v1","SF12_M1_10_v1",-0.740592596471324,2.26423624531735e-15,182,38,12
"RMDQ22_v1","SF12_M1_11_v1",-0.946530791960538,9.24465515183206e-27,182,38,12
"RMDQ22_v1","SF12_M1_12_v1",-0.885048858258454,9.00573978594373e-23,182,38,12
"RMDQ23_v1","SF12_M1_1_v1",0.671003611537982,2.05961937969414e-12,183,37,12
"RMDQ23_v1","SF12_M1_2_v1",-0.838464311006359,7.98586541041748e-20,183,37,12
"RMDQ23_v1","SF12_M1_3_v1",-0.920809308123218,1.24426380680629e-24,183,37,12
"RMDQ23_v1","SF12_M1_4_v1",-0.751087714830794,1.28456170729334e-15,183,37,12
"RMDQ23_v1","SF12_M1_5_v1",-0.825133331908587,3.96621588485386e-19,183,37,12
"RMDQ23_v1","SF12_M1_6_v1",-0.928669226065572,3.84828682340159e-25,183,37,12
"RMDQ23_v1","SF12_M1_7_v1",-0.978976074497203,1.1997912023436e-28,183,37,12
"RMDQ23_v1","SF12_M1_8_v1",0.803432249698956,4.87223369698743e-18,183,37,12
"RMDQ23_v1","SF12_M1_9_v1",-0.802815947812569,5.22274895695231e-18,183,37,12
"RMDQ23_v1","SF12_M1_10_v1",-0.723166006163418,1.9520541238748e-14,183,37,12
"RMDQ23_v1","SF12_M1_11_v1",-0.932139430016855,2.27588099886363e-25,183,37,12
"RMDQ23_v1","SF12_M1_12_v1",-0.867341193487819,2.08999559871878e-21,183,37,12
"RMDQ24_v1","SF12_M1_1_v1",0.751547739525031,3.39888342573601e-15,185,35,12
"RMDQ24_v1","SF12_M1_2_v1",-0.941993934124047,3.58068088917057e-25,185,35,12
"RMDQ24_v1","SF12_M1_3_v1",-0.999158014254823,3.87818400057275e-29,185,35,12
"RMDQ24_v1","SF12_M1_4_v1",-0.839271001696248,2.88080098727712e-19,185,35,12
"RMDQ24_v1","SF12_M1_5_v1",-0.902538233210413,9.75019235968795e-23,185,35,12
"RMDQ24_v1","SF12_M1_6_v1",-0.9999,1.6466860853441e-30,185,35,12
"RMDQ24_v1","SF12_M1_7_v1",-0.9999,4.94001541793228e-36,185,35,12
"RMDQ24_v1","SF12_M1_8_v1",0.91150028350602,2.8544637760128e-23,185,35,12
"RMDQ24_v1","SF12_M1_9_v1",-0.911251515158917,2.95449769123814e-23,185,35,12
"RMDQ24_v1","SF12_M1_10_v1",-0.829096606624283,9.39668678119221e-19,185,35,12
"RMDQ24_v1","SF12_M1_11_v1",-0.9999,3.87472699273897e-34,185,35,12
"RMDQ24_v1","SF12_M1_12_v1",-0.995065903944566,7.79104232105677e-29,185,35,12
"DN4 - Alfinetada e agulhada","BPI - Atividde geral",0.713100440932508,7.73857910946678e-14,86,62,7
"DN4 - Alfinetada e agulhada","BPI - Humor",0.613691639769844,3.83318940044903e-10,86,62,7
"DN4 - Alfinetada e agulhada","BPI - Trabalho",0.608446627552246,5.66846387665462e-10,86,62,7
"DN4 - Alfinetada e agulhada","BPI - Relacionamento com outras pessoas",0.644183011741144,3.54333782063787e-11,86,62,7
"DN4 - Alfinetada e agulhada","BPI - Sono",0.530449207573034,1.07018731118758e-07,86,62,7
"DN4 - Alfinetada e agulhada","BPI - Habilidade para apreciar a vida",0.525841004711037,1.41338703968083e-07,86,62,7
"DN4 - Adormecimento","Andar_velocidade",-0.557735915750715,2.18865560956781e-06,87,33,15
"DN4 - Adormecimento","SF12_M1_2_v1",-0.534963948061279,8.34465677177554e-10,156,61,15
"DN4 - Adormecimento","SF12_M1_3_v1",-0.504657032055544,8.35691265560603e-09,156,61,15
"DN4 - Adormecimento","SF12_M1_4_v1",-0.52111297860825,2.44441576692352e-09,156,61,15
"DN4 - Adormecimento","SF12_M1_5_v1",-0.587595414252352,9.86690357376521e-12,156,61,15
"DN4 - Adormecimento","SF12_M1_8_v1",0.525768340800674,1.71038201427415e-09,156,61,15
"DN4 - Adormecimento","SF12_M1_9_v1",-0.537983386814734,6.56895456931395e-10,156,61,15
"DN4 - Coceira","BPI - Atividde geral",0.50303872239252,0.000920703046934311,137,11,7
"DN4 - Coceira","BPI - Humor",0.60130891956083,6.48194347239461e-05,137,11,7
"DN4 - Coceira","BPI - Habilidade de caminhar",0.502731165529404,0.000927655973416026,137,11,7
"DN4 - Coceira","BPI - Trabalho",0.517772768266697,0.000638538587873711,137,11,7
"DN4 - Coceira","BPI - Relacionamento com outras pessoas",0.654201480286923,1.24877760900492e-05,137,11,7
"DN4 - Coceira","BPI - Habilidade para apreciar a vida",0.543365927900374,0.000329425857064496,137,11,7
"DH4 - Hipoestesia ao toque","Ord_RMDQ",0.619762319636094,0.00204985912608015,122,5,8
"DH4 - Hipoestesia ao toque","SF12_M1_2_v1",-0.529735113303964,0.000748828771165688,212,8,12
"DH4 - Hipoestesia ao toque","SF12_M1_3_v1",-0.560604372101092,0.000352647140456847,212,8,12
"DH4 - Hipoestesia ao toque","SF12_M1_5_v1",-0.59293170018279,0.000153099181208251,212,8,12
"DH4 - Hipoestesia ao toque","SF12_M1_8_v1",0.726435046731222,2.89222656616357e-06,212,8,12
"DH4 - Hipoestesia ao toque","SF12_M1_9_v1",-0.593109818047961,0.000152376856282849,212,8,12
"DH4 - Hipoestesia ao toque","SF12_M1_11_v1",-0.624763511910539,6.42366497304447e-05,212,8,12
"DH4 - Hipoestesia ao toque","SF12_M1_12_v1",-0.588665401628377,0.000171387102095363,212,8,12
"DN4 - Hipoestesia a picada de agulha","BPI - Sono",0.52078284596639,0.00127781122779195,139,9,7
"DN4 - Hipoestesia a picada de agulha","Ord_RMDQ",0.786236319857486,0.000258055104677833,123,4,8
"DN4 - Hipoestesia a picada de agulha","SF12_M1_3_v1",-0.525772741649583,0.000494848693157853,211,9,12
"DN4 - Hipoestesia a picada de agulha","SF12_M1_5_v1",-0.553165499492232,0.000241971810901881,211,9,12
"DN4 - Hipoestesia a picada de agulha","SF12_M1_8_v1",0.603425691077523,5.91363602912045e-05,211,9,12
"DN4 - Hipoestesia a picada de agulha","SF12_M1_11_v1",-0.51184177689382,0.000702216427854068,211,9,12
"DN4 - Escovação","BPI - Trabalho",0.555463486141493,0.00153603876638763,141,7,7
"DN4 - Escovação","Ord_RMDQ",0.786236319857486,0.000258055104677833,123,4,8
"DN4 - Escovação","SF12_M1_2_v1",-0.574242970681279,0.000473162141350663,213,7,12
"DN4 - Escovação","SF12_M1_3_v1",-0.605432447148629,0.000223137344822625,213,7,12
"DN4 - Escovação","SF12_M1_5_v1",-0.64393935613755,8.34306466400236e-05,213,7,12
"DN4 - Escovação","SF12_M1_6_v1",-0.532276776996774,0.00122262540740413,213,7,12
"DN4 - Escovação","SF12_M1_7_v1",-0.533559498564912,0.00118889019591815,213,7,12
"DN4 - Escovação","SF12_M1_8_v1",0.75598225008192,3.29978884837606e-06,213,7,12
"DN4 - Escovação","SF12_M1_9_v1",-0.609543659781627,0.000201485929797132,213,7,12
"DN4 - Escovação","SF12_M1_11_v1",-0.641244322049269,8.95599729927051e-05,213,7,12
"DN4 - Escovação","SF12_M1_12_v1",-0.59834834144296,0.000265607289088927,213,7,12
